0,1,2,3,4,5,6,7,8,9,10,11,12,13,14,15,16,17,18,19,20,21,22,23,24,25,26,27,28,29,30,31,32,33,34,35,36,37,38
0.5088750399464086,0.19167168985776462,0.8556221689961865,0.350879431365859,0.1598278783836724,0.09334114468115084,0.9351943858297544,0.006920081658671862,0.8388385219312312,0.5343440689006351,0.36255241455328335,0.7346329352528802,0.5773501657673835,0.5154512029250609,0.3202510341593725,0.2204392279164865,0.0761993493777422,0.114007653328841,0.5753710344315335,0.5480254545147266,0.2450586706991974,0.4726935044517143,0.9015553362100527,0.16104490190517384,0.16308681057496188,0.15041068828923565,0.2725171782576983,0.8785001364352415,0.5835769354320991,0.19224779312721385,0.09467719083628767,0.9618573058451203,0.9447337145327931,0.5293924405271605,0.172240899239698,0.635771436894981,0.9075142323425059,0.7789666615112196,0.07464620456240734
0.5064970369606178,0.19724421179871132,0.8474898258719656,0.3494049874813926,0.16809360747244662,0.10453890853129133,0.9227287810109066,0.009655005722957726,0.8388514302875867,0.5393819892391281,0.36660371645179984,0.7258124109966225,0.5708583009125605,0.5190424411199553,0.3260319781438101,0.2194557260456696,0.08482282791397165,0.11375492269681083,0.5767132148212627,0.5444488549036012,0.2481277590522329,0.471307331071463,0.8966473680745304,0.16774485638404704,0.1725075500497996,0.1587668760317922,0.28144139716793043,0.8686097265631002,0.576656832393734,0.19084955354446143,0.09438977494032277,0.9505340040053566,0.9436366002582065,0.5253174084198645,0.1718096942841104,0.6350360748446121,0.9008269670148726,0.7762073476402298,0.08697986553996664
0.5041190339748268,0.20281673373965806,0.8393574827477448,0.34793054359692616,0.17635933656122083,0.1157366723814318,0.9102631761920588,0.012389929787243589,0.8388643386439422,0.544419909577621,0.3706550183503163,0.7169918867403648,0.5643664360577375,0.5226336793148498,0.33181292212824764,0.21847222417485268,0.0934463064502011,0.11350219206478065,0.5780553952109919,0.5408722552924757,0.2511968474052684,0.46992115769121173,0.8917393999390081,0.17444481086292024,0.18192828952463733,0.16712306377434874,0.29036561607816264,0.8587193166909589,0.5697367293553689,0.189451313961709,0.09410235904435788,0.9392107021655929,0.9425394859836199,0.5212423763125686,0.1713784893285228,0.6343007127942433,0.8941397016872394,0.7734480337692399,0.09931352651752595
0.501741030989036,0.20838925568060476,0.8312251396235238,0.3464560997124598,0.18462506564999503,0.1269344362315723,0.8977975713732109,0.015124853851529452,0.8388772470002976,0.5494578299161139,0.37470632024883277,0.7081713624841072,0.5578745712029145,0.5262249175097444,0.33759386611268516,0.21748872230403576,0.10206978498643055,0.11324946143275047,0.5793975756007211,0.5372956556813504,0.25426593575830386,0.4685349843109604,0.8868314318034858,0.18114476534179344,0.19134902899947503,0.1754792515169053,0.2992898349883948,0.8488289068188176,0.5628166263170038,0.1880530743789566,0.09381494314839298,0.9278874003258292,0.9414423717090334,0.5171673442052727,0.17094728437293516,0.6335653507438744,0.8874524363596061,0.77068871989825,0.11164718749508526
0.4993630280032451,0.21396177762155147,0.823092796499303,0.3449816558279934,0.19289079473876924,0.13813220008171276,0.8853319665543632,0.017859777915815316,0.8388901553566531,0.554495750254607,0.3787576221473492,0.6993508382278494,0.5513827063480916,0.5298161557046389,0.34337481009712273,0.21650522043321885,0.11069326352266001,0.1129967308007203,0.5807397559904504,0.533719056070225,0.25733502411133935,0.46714881093070915,0.8819234636679635,0.18784471982066664,0.20076976847431274,0.18383543925946183,0.308214053898627,0.8389384969466763,0.5558965232786388,0.18665483479620418,0.09352752725242809,0.9165640984860655,0.9403452574344469,0.5130923120979767,0.17051607941734756,0.6328299886935056,0.8807651710319729,0.7679294060272602,0.12398084847264457
0.49698502501745423,0.2195342995624982,0.8149604533750822,0.34350721194352696,0.20115652382754345,0.14932996393185324,0.8728663617355154,0.02059470198010118,0.8389030637130086,0.5595336705930999,0.3828089240458657,0.6905303139715917,0.5448908414932686,0.5334073938995334,0.3491557540815603,0.21552171856240196,0.11931674205888945,0.11274400016869013,0.5820819363801796,0.5301424564590995,0.26040411246437484,0.4657626375504578,0.8770154955324412,0.1945446742995398,0.21019050794915045,0.1921916270020184,0.31713827280885915,0.829048087074535,0.5489764202402737,0.18525659521345175,0.09324011135646319,0.9052407966463016,0.9392481431598603,0.5090172799906808,0.17008487446175996,0.6320946266431366,0.8740779057043396,0.7651700921562704,0.13631450945020387
0.49460702203166335,0.2251068215034449,0.8068281102508613,0.3420327680590606,0.20942225291631766,0.16052772778199373,0.8604007569166675,0.023329626044387042,0.8389159720693641,0.5645715909315928,0.38686022594438213,0.681709789715334,0.5383989766384456,0.5369986320944279,0.3549366980659978,0.21453821669158504,0.1279402205951189,0.11249126953665996,0.5834241167699088,0.5265658568479741,0.2634732008174103,0.46437646417020656,0.8721075273969189,0.20124462877841304,0.2196112474239882,0.20054781474457495,0.3260624917190913,0.8191576772023939,0.5420563172019086,0.18385835563069933,0.0929526954604983,0.8939174948065379,0.9381510288852737,0.5049422478833848,0.16965366950617236,0.6313592645927678,0.8673906403767064,0.7624107782852805,0.14864817042776318
0.4922290190458725,0.23067934344439162,0.7986957671266404,0.3405583241745942,0.21768798200509187,0.1717254916321342,0.8479351520978197,0.026064550108672906,0.8389288804257197,0.5696095112700857,0.3909115278428986,0.6728892654590763,0.5319071117836226,0.5405898702893225,0.3607176420504354,0.21355471482076813,0.13656369913134836,0.11223853890462977,0.584766297159638,0.5229892572368486,0.2665422891704458,0.46299029078995524,0.8671995592613966,0.2079445832572862,0.2290319868988259,0.20890400248713148,0.3349867106293235,0.8092672673302526,0.5351362141635435,0.18246011604794693,0.0926652795645334,0.8825941929667742,0.9370539146106871,0.5008672157760888,0.16922246455058473,0.630623902542399,0.8607033750490731,0.7596514644142907,0.1609818314053225
0.48985101606008163,0.23625186538533832,0.7905634240024195,0.33908388029012776,0.22595371109386608,0.18292325548227467,0.8354695472789718,0.02879947417295877,0.8389417887820751,0.5746474316085787,0.39496282974141506,0.6640687412028187,0.5254152469287996,0.544181108484217,0.36649858603487295,0.2125712129499512,0.14518717766757783,0.1119858082725996,0.5861084775493672,0.5194126576257233,0.2696113775234813,0.4616041174097039,0.8622915911258744,0.2146445377361594,0.2384527263736636,0.217260190229688,0.34391092953955565,0.7993768574581113,0.5282161111251784,0.1810618764651945,0.0923778636685685,0.8712708911270105,0.9359568003361005,0.4967921836687929,0.16879125959499713,0.6298885404920301,0.8540161097214399,0.7568921505433008,0.1733154923828818
0.48747301307429075,0.24182438732628506,0.7824310808781987,0.3376094364056614,0.2342194401826403,0.19412101933241516,0.823003942460124,0.03153439823724463,0.8389546971384306,0.5796853519470716,0.39901413163993155,0.655248216946561,0.5189233820739767,0.5477723466791115,0.3722795300193105,0.2115877110791343,0.15381065620380727,0.11173307764056943,0.5874506579390965,0.5158360580145979,0.2726804658765168,0.46021794402945265,0.8573836229903521,0.2213444922150326,0.24787346584850134,0.22561637797224457,0.3528351484497878,0.78948644758597,0.5212960080868134,0.17966363688244208,0.0920904477726036,0.8599475892872468,0.934859686061514,0.492717151561497,0.16836005463940953,0.6291531784416613,0.8473288443938066,0.7541328366723109,0.1856491533604411
0.48509501008849987,0.24739690926723176,0.7742987377539778,0.336134992521195,0.2424851692714145,0.20531878318255564,0.8105383376412761,0.0342693223015305,0.8389676054947861,0.5847232722855645,0.40306543353844804,0.6464276926903033,0.5124315172191537,0.5513635848740059,0.3780604740037481,0.21060420920831738,0.1624341347400367,0.11148034700853926,0.5887928383288257,0.5122594584034724,0.2757495542295523,0.45883177064920133,0.8524756548548298,0.2280444466939058,0.257294205323339,0.23397256571480113,0.36175936736002,0.7795960377138287,0.5143759050484483,0.17826539729968965,0.09180303187663871,0.8486242874474831,0.9337625717869275,0.488642119454201,0.16792884968382193,0.6284178163912925,0.8406415790661734,0.7513735228013211,0.1979828143380004
0.48271700710270904,0.2529694312081785,0.766166394629757,0.33466054863672856,0.2507508983601887,0.21651654703269613,0.7980727328224284,0.03700424636581636,0.8389805138511416,0.5897611926240575,0.40711673543696447,0.6376071684340456,0.5059396523643307,0.5549548230689005,0.3838414179881856,0.20962070733750046,0.17105761327626617,0.11122761637650908,0.5901350187185549,0.508682858792347,0.27881864258258776,0.45744559726895007,0.8475676867193075,0.234744401172779,0.26671494479817676,0.24232875345735766,0.37068358627025216,0.7697056278416874,0.5074558020100832,0.17686715771693723,0.09151561598067381,0.8373009856077194,0.9326654575123409,0.48456708734690507,0.1674976447282343,0.6276824543409236,0.8339543137385401,0.7486142089303313,0.21031647531555972
0.48033900411691816,0.2585419531491252,0.758034051505536,0.3331861047522622,0.2590166274489629,0.2277143108828366,0.7856071280035806,0.03973917043010222,0.8389934222074971,0.5947991129625505,0.4111680373354809,0.6287866441777878,0.4994477875095077,0.558546061263795,0.3896223619726232,0.20863720546668355,0.1796810918124956,0.1109748857444789,0.5914771991082841,0.5051062591812217,0.28188773093562325,0.45605942388869875,0.8426597185837852,0.2414443556516522,0.2761356842730145,0.25068494119991425,0.3796078051804843,0.7598152179695461,0.5005356989717181,0.17546891813418483,0.09122820008470892,0.8259776837679556,0.9315683432377543,0.48049205523960914,0.1670664397726467,0.6269470922905548,0.8272670484109068,0.7458548950593414,0.22265013629311903
0.47796100113112727,0.2641144750900719,0.7499017083813152,0.3317116608677958,0.26728235653773713,0.2389120747329771,0.7731415231847327,0.04247409449438809,0.8390063305638525,0.5998370333010434,0.4152193392339974,0.6199661199215302,0.4929559226546847,0.5621372994586895,0.39540330595706075,0.20765370359586663,0.18830457034872505,0.11072215511244873,0.5928193794980133,0.5015296595700962,0.28495681928865874,0.4546732505084475,0.8377517504482629,0.2481443101305254,0.2855564237478522,0.2590411289424708,0.3885320240907165,0.7499248080974048,0.493615595933353,0.1740706785514324,0.09094078418874402,0.814654381928192,0.9304712289631677,0.47641702313231316,0.1666352348170591,0.626211730240186,0.8205797830832736,0.7430955811883515,0.23498379727067834
0.4755829981453364,0.2696869970310186,0.7417693652570944,0.33023721698332936,0.27554808562651134,0.2501098385831175,0.7606759183658849,0.04520901855867395,0.839019238920208,0.6048749536395364,0.4192706411325139,0.6111455956652725,0.48646405779986174,0.565728537653584,0.40118424994149826,0.20667020172504974,0.19692804888495452,0.11046942448041856,0.5941615598877426,0.49795305995897077,0.2880259076416942,0.45328707712819616,0.8328437823127406,0.2548442646093986,0.2949771632226899,0.2673973166850273,0.3974562430009487,0.7400343982252635,0.486695492894988,0.17267243896867998,0.09065336829277912,0.8033310800884281,0.9293741146885811,0.4723419910250172,0.1662040298614715,0.625476368189817,0.8138925177556404,0.7403362673173617,0.24731745824823764
0.47320499515954556,0.2752595189719653,0.7336370221328735,0.328762773098863,0.28381381471528555,0.261307602433258,0.748210313547037,0.04794394262295982,0.8390321472765635,0.6099128739780293,0.4233219430310303,0.6023250714090148,0.47997219294503873,0.5693197758484786,0.40696519392593583,0.20568669985423282,0.205551527421184,0.11021669384838838,0.5955037402774718,0.4943764603478453,0.2910949959947297,0.4519009037479449,0.8279358141772183,0.2615442190882718,0.30439790269752764,0.27575350442758384,0.4063804619111808,0.7301439883531222,0.4797753898566229,0.17127419938592756,0.09036595239681422,0.7920077782486644,0.9282770004139946,0.46826695891772124,0.16577282490588388,0.6247410061394482,0.8072052524280071,0.7375769534463719,0.259651119225797
0.4708269921737547,0.28083204091291203,0.7255046790086526,0.3272883292143966,0.29207954380405976,0.2725053662833985,0.7357447087281892,0.05067886668724568,0.839045055632919,0.6149507943165222,0.4273732449295468,0.5935045471527571,0.4734803280902158,0.5729110140433731,0.4127461379103734,0.2047031979834159,0.21417500595741343,0.10996396321635821,0.596845920667201,0.49079986073671994,0.2941640843477652,0.45051473036769357,0.823027846041696,0.268244173567145,0.3138186421723653,0.28410969217014037,0.41530468082141303,0.7202535784809809,0.47285528681825784,0.16987595980317516,0.09007853650084933,0.7806844764089007,0.927179886139408,0.4641919268104253,0.16534161995029628,0.6240056440890793,0.8005179871003738,0.7348176395753819,0.27198478020335626
0.4684489891879638,0.2864045628538588,0.7173723358844317,0.32581388532993016,0.30034527289283397,0.283703130133539,0.7232791039093414,0.05341379075153154,0.8390579639892745,0.6199887146550151,0.43142454682806325,0.5846840228964993,0.4669884632353928,0.5765022522382676,0.41852708189481097,0.203719696112599,0.22279848449364287,0.10971123258432804,0.5981881010569302,0.4872232611255945,0.2972331727008007,0.44912855698744225,0.8181198779061737,0.2749441280460182,0.32323938164720306,0.29246587991269696,0.42422889973164524,0.7103631686088396,0.46593518377989274,0.16847772022042273,0.08979112060488444,0.769361174569137,0.9260827718648215,0.46011689470312933,0.16491041499470868,0.6232702820387105,0.7938307217727406,0.7320583257043921,0.28431844118091554
0.4660709862021729,0.2919770847948055,0.7092399927602109,0.3243394414454638,0.3086110019816082,0.29490089398367947,0.7108134990904935,0.05614871481581741,0.8390708723456299,0.6250266349935081,0.43547584872657974,0.5758634986402418,0.4604965983805698,0.580093490433162,0.42430802587924854,0.20273619424178208,0.23142196302987234,0.10945850195229787,0.5995302814466594,0.4836466615144691,0.3003022610538362,0.447742383607191,0.8132119097706514,0.28164408252489137,0.3326601211220408,0.3008220676552535,0.4331531186418774,0.7004727587366983,0.45901508074152764,0.1670794806376703,0.08950370470891954,0.7580378727293733,0.9249856575902349,0.4560418625958334,0.16447921003912108,0.6225349199883417,0.7871434564451073,0.7292990118334023,0.2966521021584749
0.4636929832163821,0.2975496067357522,0.70110764963599,0.3228649975609974,0.3168767310703824,0.30609865783381995,0.6983478942716458,0.05888363888010327,0.8390837807019855,0.630064555332001,0.4395271506250962,0.567042974383984,0.4540047335257468,0.5836847286280566,0.43008896986368605,0.20175269237096516,0.24004544156610177,0.10920577132026768,0.6008724618363886,0.48007006190334367,0.3033713494068716,0.44635621022693966,0.8083039416351291,0.28834403700376454,0.3420808605968785,0.3091782553978101,0.44207733755210954,0.690582348864557,0.45209497770316254,0.16568124105491788,0.08921628881295464,0.7467145708896095,0.9238885433156483,0.4519668304885375,0.16404800508353345,0.6217995579379728,0.7804561911174741,0.7265396979624125,0.3089857631360342
0.4613149802305912,0.3031221286766989,0.6929753065117692,0.321390553676531,0.3251424601591566,0.31729642168396044,0.6858822894527979,0.06161856294438914,0.839096689058341,0.635102475670494,0.44357845252361267,0.5582224501277263,0.4475128686709238,0.5872759668229511,0.4358699138481236,0.20076919050014824,0.24866892010233124,0.10895304068823751,0.6022146422261179,0.47649346229221823,0.30644043775990715,0.4449700368466884,0.8033959734996068,0.29504399148263777,0.3515016000717162,0.3175344431403666,0.45100155646234175,0.6806919389924158,0.4451748746647975,0.16428300147216546,0.08892887291698974,0.7353912690498459,0.9227914290410617,0.4478917983812415,0.16361680012794586,0.621064195887604,0.7737689257898408,0.7237803840914225,0.3213194241135935
0.4589369772448003,0.3086946506176456,0.6848429633875484,0.3199161097920646,0.3334081892479308,0.3284941855341009,0.6734166846339501,0.06435348700867499,0.8391095974146965,0.640140396008987,0.44762975442212916,0.5494019258714686,0.4410210038161008,0.5908672050178456,0.4416508578325612,0.19978568862933133,0.2572923986385607,0.10870031005620734,0.6035568226158471,0.47291686268109284,0.3095095261129426,0.4435838634664371,0.7984880053640846,0.301743945961511,0.36092233954655395,0.32589063088292314,0.4599257753725739,0.6708015291202746,0.4382547716264324,0.16288476188941306,0.08864145702102484,0.724067967210082,0.9216943147664752,0.44381676627394556,0.16318559517235826,0.6203288338372351,0.7670816604622076,0.7210210702204327,0.33365308509115277
0.45655897425900943,0.3142671725585924,0.6767106202633274,0.3184416659075982,0.341673918336705,0.3396919493842414,0.6609510798151023,0.06708841107296086,0.839122505771052,0.6451783163474799,0.4516810563206456,0.540581401615211,0.43452913896127787,0.5944584432127401,0.4474318018169987,0.1988021867585144,0.26591587717479015,0.10844757942417717,0.6048990030055763,0.46934026306996746,0.3125786144659781,0.4421976900861858,0.7935800372285622,0.30844390044038417,0.37034307902139163,0.33424681862547967,0.46884999428280605,0.6609111192481333,0.43133466858806735,0.16148652230666063,0.08835404112505996,0.7127446653703183,0.9205972004918886,0.43974173416664963,0.16275439021677066,0.6195934717868663,0.7603943951345743,0.7182617563494429,0.3459867460687121
0.4541809712732186,0.3198396944995391,0.6685782771391066,0.31696722202313177,0.3499396474254792,0.3508897132343819,0.6484854749962544,0.06982333513724673,0.8391354141274074,0.6502162366859728,0.455732358219162,0.5317608773589533,0.42803727410645487,0.5980496814076347,0.4532127458014363,0.1978186848876975,0.2745393557110196,0.10819484879214698,0.6062411833953055,0.465763663458842,0.31564770281901355,0.4408115167059345,0.78867206909304,0.31514385491925734,0.37976381849622937,0.3426030063680362,0.47777421319303826,0.651020709375992,0.42441456554970225,0.1600882827239082,0.08806662522909506,0.7014213635305546,0.9195000862173021,0.43566670205935365,0.16232318526118303,0.6188581097364974,0.7537071298069411,0.7155024424784531,0.35832040704627144
0.4518029682874277,0.3254122164404858,0.6604459340148857,0.3154927781386654,0.3582053765142534,0.3620874770845224,0.6360198701774067,0.07255825920153258,0.8391483224837629,0.6552541570244658,0.4597836601176785,0.5229403531026955,0.42154540925163186,0.6016409196025292,0.45899368978587385,0.1968351830168806,0.28316283424724903,0.10794211816011681,0.6075833637850347,0.4621870638477166,0.3187167911720491,0.43942534332568317,0.7837641009575177,0.32184380939813056,0.3891845579710671,0.3509591941105928,0.4866984321032704,0.6411302995038507,0.41749446251133715,0.15869004314115578,0.08777920933313016,0.6900980616907909,0.9184029719427155,0.4315916699520577,0.16189198030559543,0.6181227476861285,0.7470198644793078,0.7127431286074631,0.3706540680238307
0.44942496530163684,0.3309847383814325,0.6523135908906648,0.314018334254199,0.3664711056030276,0.37328524093466287,0.6235542653585588,0.07529318326581845,0.8391612308401184,0.6602920773629587,0.463834962016195,0.5141198288464379,0.41505354439680886,0.6052321577974237,0.4647746337703114,0.1958516811460637,0.2917863127834785,0.10768938752808664,0.608925544174764,0.4586104642365912,0.32178587952508453,0.4380391699454319,0.7788561328219954,0.3285437638770038,0.3986052974459048,0.3593153818531493,0.49562265101350256,0.6312398896317094,0.41057435947297205,0.1572918035584034,0.08749179343716526,0.6787747598510272,0.9173058576681289,0.4275166378447618,0.16146077535000783,0.6173873856357597,0.7403325991516745,0.7099838147364733,0.38298772900139
0.44704696231584595,0.3365572603223792,0.6441812477664439,0.3125438903697326,0.3747368346918018,0.38448300478480335,0.611088660539711,0.07802810733010432,0.8391741391964739,0.6653299977014517,0.46788626391471144,0.5052993045901801,0.4085616795419859,0.6088233959923182,0.470555577754749,0.19486817927524677,0.3004097913197079,0.10743665689605647,0.6102677245644932,0.45503386462546574,0.32485496787812007,0.4366529965651806,0.7739481646864731,0.33524371835587696,0.4080260369207425,0.3676715695957059,0.5045468699237348,0.6213494797595681,0.403654256434607,0.15589356397565096,0.08720437754120036,0.6674514580112635,0.9162087433935424,0.4234416057374658,0.16102957039442023,0.6166520235853908,0.7336453338240413,0.7072245008654835,0.39532138997894933
0.4446689593300551,0.3421297822633259,0.6360489046422231,0.3110694464852662,0.383002563780576,0.3956807686349438,0.5986230557208632,0.08076303139439019,0.8391870475528294,0.6703679180399447,0.47193756581322793,0.49647878033392245,0.40206981468716296,0.6124146341872128,0.4763365217391865,0.19388467740442986,0.3090332698559374,0.10718392626402629,0.6116099049542224,0.45145726501434036,0.3279240562311555,0.4352668231849293,0.7690401965509508,0.34194367283475013,0.41744677639558025,0.37602775733826244,0.5134710888339669,0.6114590698874268,0.39673415339624196,0.15449532439289854,0.08691696164523546,0.6561281561714998,0.9151116291189558,0.4193665736301699,0.1605983654388326,0.615916661535022,0.7269580684964081,0.7044651869944936,0.40765505095650867
0.44229095634426424,0.3477023042042726,0.6279165615180022,0.3095950026007998,0.3912682928693502,0.40687853248508427,0.5861574509020153,0.08349795545867604,0.8391999559091848,0.6754058383784376,0.47598886771174437,0.4876582560776648,0.39557794983233996,0.6160058723821072,0.4821174657236241,0.19290117553361294,0.31765674839216684,0.10693119563199611,0.6129520853439516,0.4478806654032149,0.330993144584191,0.433880649804678,0.7641322284154285,0.3486436273136233,0.42686751587041794,0.38438394508081897,0.5223953077441991,0.6015686600152855,0.38981405035787686,0.1530970848101461,0.08662954574927058,0.644804854331736,0.9140145148443692,0.41529154152287395,0.160167160483245,0.6151812994846532,0.7202708031687748,0.7017058731235037,0.41998871193406795
0.43991295335847336,0.3532748261452193,0.6197842183937814,0.3081205587163334,0.39953402195812443,0.41807629633522475,0.5736918460831675,0.08623287952296191,0.8392128642655403,0.6804437587169305,0.48004016961026086,0.4788377318214071,0.38908608497751695,0.6195971105770017,0.48789840970806164,0.19191767366279602,0.3262802269283963,0.10667846499996594,0.6142942657336808,0.4443040657920895,0.3340622329372265,0.43249447642442673,0.7592242602799062,0.35534358179249653,0.43628825534525567,0.3927401328233755,0.5313195266544313,0.5916782501431443,0.38289394731951176,0.15169884522739369,0.08634212985330568,0.6334815524919724,0.9129174005697827,0.41121650941557797,0.1597359555276574,0.6144459374342843,0.7135835378411415,0.6989465592525139,0.43232237291162723
0.4375349503726825,0.35884734808616603,0.6116518752695606,0.306646114831867,0.40779975104689864,0.42927406018536524,0.5612262412643196,0.08896780358724778,0.8392257726218958,0.6854816790554235,0.4840914715087773,0.4700172075651494,0.38259422012269395,0.6231883487718962,0.49367935369249916,0.1909341717919791,0.3349037054646258,0.10642573436793577,0.6156364461234101,0.4407274661809641,0.33713132129026196,0.4311083030441754,0.7543162921443839,0.36204353627136976,0.4457089948200934,0.40109632056593203,0.5402437455646634,0.581787840271003,0.37597384428114666,0.15030060564464126,0.08605471395734078,0.6221582506522085,0.9118202862951961,0.40714147730828204,0.1593047505720698,0.6137105753839155,0.7068962725135083,0.6961872453815241,0.44465603388918656
0.4351569473868916,0.3644198700271128,0.6035195321453396,0.3051716709474006,0.41606548013567285,0.4404718240355057,0.5487606364454718,0.09170272765153363,0.8392386809782514,0.6905195993939164,0.4881427734072938,0.4611966833088917,0.37610235526787095,0.6267795869667907,0.4994602976769367,0.1899506699211622,0.3435271840008552,0.1061730037359056,0.6169786265131393,0.43715086656983865,0.34020040964329745,0.4297221296639241,0.7494083240088616,0.36874349075024293,0.4551297342949311,0.4094525083084886,0.5491679644748957,0.5718974303988618,0.36905374124278156,0.14890236606188886,0.08576729806137588,0.6108349488124448,0.9107231720206095,0.4030664452009861,0.15887354561648218,0.6129752133335467,0.700209007185875,0.6934279315105342,0.4569896948667459
0.43277894440110076,0.3699923919680595,0.5953871890211188,0.3036972270629342,0.42433120922444706,0.4516695878856462,0.536295031626624,0.0944376517158195,0.8392515893346069,0.6955575197324093,0.4921940753058103,0.452376159052634,0.369610490413048,0.6303708251616853,0.5052412416613743,0.1889671680503453,0.35215066253708466,0.10592027310387542,0.6183208069028685,0.43357426695871326,0.34326949799633294,0.4283359562836728,0.7445003558733393,0.3754434452291161,0.4645504737697688,0.41780869605104515,0.5580921833851278,0.5620070205267205,0.3621336382044165,0.14750412647913644,0.08547988216541098,0.5995116469726811,0.909626057746023,0.39899141309369013,0.15844234066089458,0.6122398512831778,0.6935217418582418,0.6906686176395443,0.4693233558443052
0.4304009414153099,0.3755649139090062,0.5872548458968979,0.3022227831784678,0.43259693831322127,0.4628673517357867,0.5238294268077761,0.09717257578010537,0.8392644976909623,0.7005954400709022,0.4962453772043267,0.44355563479637633,0.36311862555822505,0.6339620633565798,0.5110221856458119,0.18798366617952839,0.3607741410733141,0.10566754247184525,0.6196629872925977,0.4299976673475878,0.3463385863493684,0.4269497829034215,0.739592387737817,0.38214339970798933,0.47397121324460656,0.4261648837936017,0.5670164022953599,0.5521166106545792,0.3552135351660515,0.146105886896384,0.08519246626944608,0.5881883451329174,0.9085289434714364,0.39491638098639414,0.15801113570530698,0.6115044892328089,0.6868344765306085,0.6879093037685545,0.48165701682186446
0.428022938429519,0.38113743584995297,0.579122502772677,0.3007483392940014,0.4408626674019955,0.4740651155859272,0.5113638219889284,0.09990749984439122,0.8392774060473178,0.7056333604093952,0.5002966791028431,0.4347351105401186,0.35662676070340205,0.6375533015514743,0.5168031296302494,0.18700016430871147,0.36939761960954354,0.10541481183981508,0.6210051676823269,0.4264210677364624,0.3494076747024039,0.42556360952317024,0.7346844196022948,0.38884335418686256,0.48339195271944424,0.43452107153615827,0.5759406212055922,0.5422262007824379,0.3482934321276864,0.14470764731363162,0.0849050503734812,0.5768650432931537,0.9074318291968498,0.3908413488790982,0.15757993074971938,0.61076912718244,0.6801472112029753,0.6851499898975646,0.4939906777994238
0.42564493544372817,0.38670995779089967,0.5709901596484561,0.29927389540953503,0.4491283964907697,0.48526287943606766,0.49889821717008054,0.10264242390867709,0.8392903144036733,0.7106712807478882,0.5043479810013596,0.4259145862838609,0.35013489584857904,0.6411445397463689,0.522584073614687,0.18601666243789455,0.378021098145773,0.10516208120778489,0.622347348072056,0.422844468125337,0.3524767630554394,0.4241774361429189,0.7297764514667724,0.3955433086657357,0.492812692194282,0.4428772592787148,0.5848648401158243,0.5323357909102966,0.3413733290893213,0.1433094077308792,0.0846176344775163,0.5655417414533899,0.9063347149222633,0.3867663167718023,0.15714872579413175,0.6100337651320712,0.673459945875342,0.6823906760265748,0.5063243387769831
0.4232669324579373,0.3922824797318464,0.5628578165242353,0.2977994515250686,0.4573941255795439,0.49646064328620815,0.4864326123512327,0.10537734797296296,0.8393032227600288,0.7157092010863811,0.5083992828998761,0.41709406202760324,0.34364303099375604,0.6447357779412634,0.5283650175991246,0.18503316056707764,0.38664457668200247,0.10490935057575472,0.6236895284617854,0.4192678685142116,0.3555458514084749,0.42279126276266765,0.7248684833312502,0.4022432631446089,0.5022334316691197,0.45123344702127133,0.5937890590260565,0.5224453810381553,0.3344532260509562,0.14191116814812677,0.0843302185815514,0.5542184396136263,0.9052376006476767,0.3826912846645063,0.15671752083854415,0.6092984030817024,0.6667726805477088,0.679631362155585,0.5186579997545424
0.4208889294721464,0.3978550016727931,0.5547254734000144,0.2963250076406022,0.4656598546683181,0.5076584071363486,0.47396700753238485,0.10811227203724881,0.8393161311163843,0.7207471214248741,0.5124505847983926,0.40827353777134556,0.33715116613893303,0.6483270161361578,0.5341459615835621,0.18404965869626072,0.39526805521823194,0.10465661994372455,0.6250317088515145,0.41569126890308616,0.3586149397615104,0.42140508938241633,0.7199605151957278,0.4089432176234821,0.5116541711439574,0.45958963476382786,0.6027132779362887,0.512554971166014,0.32753312301259113,0.14051292856537434,0.0840428026855865,0.5428951377738624,0.9041404863730902,0.3786162525572104,0.15628631588295655,0.6085630410313335,0.6600854152200755,0.6768720482845951,0.5309916607321017
0.4185109264863555,0.4034275236137398,0.5465931302757936,0.29485056375613583,0.4739255837570923,0.5188561709864891,0.46150140271353707,0.11084719610153468,0.8393290394727397,0.725785041763367,0.5165018866969091,0.39945301351508783,0.3306593012841101,0.6519182543310523,0.5399269055679996,0.1830661568254438,0.40389153375446135,0.10440388931169438,0.6263738892412438,0.4121146692919607,0.36168402811454586,0.420018916002165,0.7150525470602056,0.4156431721023553,0.5210749106187951,0.46794582250638445,0.6116374968465208,0.5026645612938727,0.32061301997422603,0.13911468898262191,0.0837553867896216,0.5315718359340987,0.9030433720985036,0.37454122044991445,0.15585511092736895,0.6078276789809647,0.6533981498924422,0.6741127344136052,0.543325321709661
0.41613292350056463,0.4090000455546865,0.5384607871515728,0.2933761198716694,0.4821913128458665,0.5300539348366295,0.4490357978946892,0.11358212016582055,0.8393419478290952,0.7308229621018599,0.5205531885954255,0.39063248925883015,0.3241674364292871,0.6555094925259468,0.5457078495524372,0.1820826549546269,0.4125150122906908,0.10415115867966421,0.6277160696309729,0.40853806968083534,0.36475311646758135,0.41863274262191374,0.7101445789246833,0.4223431265812285,0.5304956500936329,0.476302010248941,0.620561715756753,0.4927741514217314,0.31369291693586093,0.1377164493998695,0.0834679708936567,0.520248534094335,0.901946257823917,0.37046618834261846,0.15542390597178135,0.6070923169305958,0.646710884564809,0.6713534205426154,0.5556589826872204
0.4137549205147738,0.4145725674956332,0.5303284440273518,0.291901675987203,0.49045704193464074,0.54125169868677,0.4365701930758414,0.11631704423010641,0.8393548561854507,0.7358608824403529,0.524604490493942,0.3818119650025725,0.31767557157446413,0.6591007307208414,0.5514887935368747,0.18109915308380997,0.4211384908269203,0.10389842804763402,0.6290582500207021,0.4049614700697099,0.36782220482061684,0.4172465692416624,0.705236610789161,0.4290430810601017,0.5399163895684705,0.4846581979914975,0.6294859346669852,0.48288374154959013,0.3067728138974959,0.1363182098171171,0.08318055499769181,0.5089252322545713,0.9008491435493304,0.36639115623532253,0.15499270101619372,0.606356954880227,0.6400236192371758,0.6685941066716256,0.5679926436647796
0.4113769175289829,0.4201450894365799,0.522196100903131,0.29042723210273663,0.49872277102341495,0.5524494625369105,0.4241045882569936,0.11905196829439227,0.8393677645418062,0.7408988027788459,0.5286557923924584,0.37299144074631474,0.31118370671964113,0.6626919689157359,0.5572697375213123,0.18011565121299306,0.4297619693631497,0.10364569741560385,0.6304004304104314,0.4013848704585845,0.3708912931736523,0.41586039586141116,0.7003286426536387,0.4357430355389749,0.5493371290433082,0.4930143857340541,0.6384101535772173,0.47299333167744884,0.2998527108591308,0.13491997023436467,0.08289313910172692,0.4976019304148076,0.8997520292747438,0.3623161241280266,0.15456149606060612,0.6056215928298582,0.6333363539095425,0.6658347928006356,0.5803263046423389
0.40899891454319204,0.4257176113775266,0.5140637577789101,0.2889527882182702,0.5069885001121892,0.563647226387051,0.41163898343814576,0.12178689235867814,0.8393806728981617,0.7459367231173388,0.5327070942909748,0.36417091649005706,0.3046918418648181,0.6662832071106304,0.5630506815057499,0.17913214934217614,0.43838544789937917,0.10339296678357368,0.6317426108001606,0.39780827084745907,0.3739603815266878,0.41447422248115984,0.6954206745181164,0.4424429900178481,0.558757868518146,0.5013705734766106,0.6473343724874495,0.4631029218053076,0.2929326078207657,0.13352173065161224,0.08260572320576202,0.4862786285750439,0.8986549150001573,0.3582410920207306,0.15413029110501852,0.6048862307794892,0.6266490885819092,0.6630754789296458,0.5926599656198982
0.4066209115574012,0.4312901333184733,0.5059314146546892,0.2874783443338038,0.5152542292009634,0.5748449902371915,0.3991733786192979,0.124521816422964,0.8393935812545171,0.7509746434558318,0.5367583961894914,0.3553503922337994,0.2981999770099952,0.669874445305525,0.5688316254901874,0.17814864747135925,0.44700892643560863,0.10314023615154351,0.6330847911898898,0.3942316712363336,0.3770294698797233,0.41308804910090857,0.6905127063825941,0.44914294449672126,0.5681786079929837,0.5097267612191672,0.6562585913976817,0.4532125119331663,0.28601250478240065,0.13212349106885984,0.08231830730979713,0.4749553267352801,0.8975578007255708,0.3541660599134347,0.1536990861494309,0.6041508687291204,0.619961823254276,0.660316165058656,0.6049936265974576
0.4042429085716103,0.4368626552594201,0.4977990715304684,0.28600390044933743,0.5235199582897376,0.586042754087332,0.38670777380045007,0.12725674048724986,0.8394064896108727,0.7560125637943247,0.5408096980880078,0.3465298679775417,0.2917081121551722,0.6734656835004195,0.5746125694746249,0.17716514560054233,0.4556324049718381,0.10288750551951333,0.634426971579619,0.39065507162520824,0.3800985582327588,0.41170187572065725,0.6856047382470718,0.4558428989755945,0.5775993474678214,0.5180829489617237,0.6651828103079138,0.443322102061025,0.27909240174403555,0.13072525148610742,0.08203089141383223,0.4636320248955164,0.8964606864509842,0.35009102780613877,0.1532678811938433,0.6034155066787515,0.6132745579266428,0.6575568511876662,0.6173272875750169
0.40186490558581944,0.4424351772003668,0.4896667284062475,0.28452945656487105,0.5317856873785118,0.5972405179374725,0.37424216898160223,0.1299916645515357,0.8394193979672282,0.7610504841328176,0.5448609999865243,0.33770934372128397,0.28521624730034917,0.677056921695314,0.5803935134590625,0.17618164372972542,0.4642558835080675,0.10263477488748315,0.6357691519693482,0.38707847201408285,0.3831676465857943,0.41031570234040593,0.6806967701115495,0.46254285345446766,0.5870200869426592,0.5264391367042802,0.674107029218146,0.4334316921888837,0.27217229870567045,0.129327011903355,0.08174347551786733,0.45230872305575265,0.8953635721763976,0.3460159956988428,0.1528366762382557,0.6026801446283827,0.6065872925990095,0.6547975373166762,0.6296609485525761
0.39948690260002856,0.4480076991413135,0.48153438528202663,0.2830550126804046,0.540051416467286,0.608438281787613,0.3617765641627544,0.1327265886158216,0.8394323063235837,0.7660884044713105,0.5489123018850408,0.3288888194650263,0.2787243824455262,0.6806481598902084,0.5861744574435,0.1751981418589085,0.472879362044297,0.10238204425545298,0.6371113323590775,0.3835018724029574,0.38623673493882976,0.40892952896015466,0.6757888019760272,0.4692428079333409,0.5964408264174968,0.5347953244468369,0.6830312481283782,0.42354128231674243,0.2652521956673054,0.12792877232060257,0.08145605962190244,0.44098542121598894,0.894266457901811,0.34194096359154685,0.1524054712826681,0.6019447825780139,0.5999000272713761,0.6520382234456864,0.6419946095301355
0.3971088996142377,0.4535802210822602,0.47340204215780574,0.28158056879593824,0.5483171455560603,0.6196360456377534,0.34931095934390666,0.13546151268010745,0.8394452146799392,0.7711263248098035,0.5529636037835572,0.3200682952087686,0.2722325175907032,0.6842393980851029,0.5919554014279376,0.17421463998809159,0.48150284058052645,0.10212931362342281,0.6384535127488067,0.37992527279183197,0.38930582329186525,0.4075433555799034,0.6708808338405049,0.47594276241221406,0.6058615658923345,0.5431515121893933,0.6919554670386103,0.41365087244460114,0.2583320926289403,0.12653053273785014,0.08116864372593754,0.4296621193762252,0.8931693436272244,0.3378659314842509,0.1519742663270805,0.601209420527645,0.5932127619437428,0.6492789095746965,0.6543282705076948
0.39473089662844685,0.45915274302320697,0.4652696990335849,0.2801061249114718,0.5565828746448344,0.6308338094878939,0.3368453545250588,0.1381964367443933,0.8394581230362946,0.7761642451482964,0.5570149056820737,0.3112477709525109,0.2657406527358802,0.6878306362799975,0.5977363454123752,0.17323113811727467,0.49012631911675586,0.10187658299139263,0.6397956931385359,0.3763486731807065,0.39237491164490074,0.4061571821996521,0.6659728657049826,0.4826427168910873,0.6152823053671723,0.5515076999319499,0.7008796859488425,0.4037604625724599,0.2514119895905752,0.12513229315509772,0.08088122782997265,0.4183388175364615,0.8920722293526379,0.33379089937695494,0.15154306137149287,0.6004740584772762,0.5865254966161096,0.6465195957037067,0.6666619314852541
0.39235289364265596,0.4647252649641537,0.45713735590936405,0.2786316810270054,0.5648486037336086,0.6420315733380344,0.324379749706211,0.14093136080867918,0.8394710313926501,0.7812021654867893,0.5610662075805901,0.3024272466962532,0.25924878788105726,0.691421874474892,0.6035172893968128,0.17224763624645775,0.4987497976529853,0.10162385235936246,0.6411378735282651,0.37277207356958114,0.3954439999979362,0.40477100881940076,0.6610648975694604,0.48934267136996046,0.62470304484201,0.5598638876745065,0.7098039048590747,0.3938700527003186,0.24449188655221016,0.1237340535723453,0.08059381193400775,0.4070155156966978,0.8909751150780514,0.32971586726965896,0.15111185641590527,0.5997386964269074,0.5798382312884764,0.6437602818327168,0.6789955924628134
0.3899748906568651,0.4702977869051004,0.44900501278514315,0.27715723714253904,0.5731143328223828,0.6532293371881749,0.31191414488736313,0.14366628487296504,0.8394839397490056,0.7862400858252823,0.5651175094791067,0.2936067224399955,0.25275692302623426,0.6950131126697865,0.6092982333812503,0.17126413437564086,0.5073732761892148,0.10137112172733229,0.6424800539179943,0.36919547395845576,0.3985130883509717,0.4033848354391495,0.656156929433938,0.4960426258488337,0.6341237843168477,0.568220075417063,0.7187281237693068,0.3839796428281773,0.23757178351384506,0.1223358139895929,0.08030639603804285,0.3956922138569341,0.8898780008034648,0.32564083516236303,0.15068065146031767,0.5990033343765385,0.5731509659608431,0.641000967961727,0.6913292534403727
0.3875968876710742,0.4758703088460471,0.4408726696609223,0.27568279325807266,0.581380061911157,0.6644271010383154,0.2994485400685153,0.14640120893725092,0.8394968481053611,0.7912780061637753,0.5691688113776231,0.28478619818373785,0.2462650581714113,0.698604350864681,0.6150791773656878,0.17028063250482395,0.5159967547254443,0.10111839109530212,0.6438222343077236,0.3656188743473303,0.4015821767040072,0.40199866205889817,0.6512489612984158,0.5027425803277068,0.6435445237916855,0.5765762631596195,0.727652342679539,0.374089232956036,0.23065168047548001,0.12093757440684047,0.08001898014207795,0.3843689120171704,0.8887808865288782,0.3215658030550671,0.15024944650473004,0.5982679723261697,0.5664637006332098,0.6382416540907372,0.703662914417932
0.3852188846852833,0.4814428307869938,0.4327403265367014,0.2742083493736062,0.5896457909999312,0.6756248648884559,0.28698293524966745,0.14913613300153677,0.8395097564617165,0.7963159265022682,0.5732201132761395,0.2759656739274801,0.2397731933165883,0.7021955890595755,0.6208601213501255,0.16929713063400703,0.5246202332616736,0.10086566046327193,0.6451644146974528,0.36204227473620487,0.4046512650570427,0.40061248867864685,0.6463409931628934,0.5094425348065801,0.6529652632665232,0.584932450902176,0.7365765615897713,0.36419882308389473,0.22373157743711491,0.11953933482408806,0.07973156424611305,0.3730456101774067,0.8876837722542916,0.3174907709477711,0.14981824154914244,0.5975326102758007,0.5597764353055766,0.6354823402197473,0.7159965753954913
0.3828408816994925,0.4870153527279405,0.42460798341248057,0.27273390548913984,0.5979115200887054,0.6868226287385963,0.2745173304308196,0.15187105706582263,0.839522664818072,0.8013538468407612,0.5772714151746561,0.26714514967122244,0.2332813284617653,0.7057868272544701,0.626641065334563,0.16831362876319012,0.5332437117979032,0.10061292983124176,0.646506595087182,0.3584656751250795,0.4077203534100782,0.3992263152983956,0.6414330250273712,0.5161424892854533,0.6623860027413608,0.5932886386447327,0.7455007805000033,0.35430841321175344,0.21681147439874981,0.11814109524133563,0.07944414835014817,0.36172230833764285,0.886586657979705,0.3134157388404752,0.14938703659355484,0.5967972482254319,0.5530891699779434,0.6327230263487574,0.7283302363730506
0.3804628787137016,0.4925878746688872,0.4164756402882597,0.2712594616046734,0.6061772491774796,0.6980203925887367,0.2620517256119719,0.1546059811301085,0.8395355731744275,0.8063917671792541,0.5813227170731725,0.25832462541496476,0.22678946360694235,0.7093780654493645,0.6324220093190005,0.1673301268923732,0.5418671903341326,0.10036019919921159,0.6478487754769112,0.35488907551395404,0.4107894417631136,0.3978401419181443,0.6365250568918489,0.5228424437643264,0.6718067422161986,0.6016448263872891,0.7544249994102356,0.34441800333961214,0.20989137136038477,0.11674285565858322,0.07915673245418327,0.35039900649787914,0.8854895437051185,0.30934070673317926,0.14895583163796725,0.5960618861750631,0.5464019046503101,0.6299637124777675,0.74066389735061
0.3780848757279107,0.49816039660983397,0.40834329716403883,0.269785017720207,0.6144429782662538,0.7092181564388772,0.24958612079312403,0.15734090519439436,0.839548481530783,0.8114296875177471,0.585374018971689,0.24950410115870708,0.22029759875211935,0.712969303644259,0.6382029533034381,0.16634662502155628,0.5504906688703621,0.10010746856718142,0.6491909558666404,0.35131247590282866,0.41385853011614915,0.396453968537893,0.6316170887563266,0.5295423982431997,0.6812274816910363,0.6100010141298458,0.7633492183204678,0.33452759346747085,0.20297126832201967,0.1153446160758308,0.07886931655821837,0.33907570465811543,0.884392429430532,0.3052656746258833,0.14852462668237965,0.5953265241246942,0.5397146393226768,0.6272043986067777,0.7529975583281693
0.3757068727421199,0.5037329185507806,0.400210954039818,0.26831057383574064,0.622708707355028,0.7204159202890177,0.2371205159742762,0.16007582925868022,0.8395613898871386,0.8164676078562401,0.5894253208702054,0.24068357690244935,0.21380573389729635,0.7165605418391536,0.6439838972878756,0.16536312315073937,0.5591141474065915,0.09985473793515123,0.6505331362563697,0.3477358762917032,0.4169276184691846,0.3950677951576417,0.6267091206208043,0.5362423527220728,0.690648221165874,0.6183572018724023,0.7722734372306999,0.32463718359532956,0.19605116528365457,0.11394637649307837,0.07858190066225347,0.3277524028183517,0.8832953151559454,0.30119064251858735,0.14809342172679202,0.5945911620743254,0.5330273739950436,0.6244450847357879,0.7653312193057286
0.373328869756329,0.5093054404917274,0.3920786109155971,0.26683612995127426,0.6309744364438022,0.7316136841391582,0.22465491115542835,0.1628107533229661,0.839574298243494,0.821505528194733,0.5934766227687218,0.23186305264619167,0.2073138690424734,0.7201517800340481,0.6497648412723132,0.16437962127992245,0.567737625942821,0.09960200730312106,0.6518753166460989,0.3441592766805778,0.4199967068222201,0.3936816217773904,0.621801152485282,0.542942307200946,0.7000689606407118,0.6267133896149588,0.7811976561409321,0.31474677372318827,0.18913106224528953,0.11254813691032596,0.07829448476628857,0.316429100978588,0.8821982008813588,0.2971156104112914,0.14766221677120442,0.5938558000239565,0.5263401086674104,0.621685770864798,0.7776648802832878
0.3709508667705381,0.514877962432674,0.38394626779137625,0.2653616860668078,0.6392401655325765,0.7428114479892987,0.2121893063365805,0.16554567738725195,0.8395872065998495,0.8265434485332259,0.5975279246672384,0.223042528389934,0.2008220041876504,0.7237430182289426,0.6555457852567508,0.16339611940910553,0.5763611044790504,0.09934927667109089,0.6532174970358281,0.3405826770694524,0.42306579517525555,0.3922954483971391,0.6168931843497597,0.5496422616798192,0.7094897001155495,0.6350695773575153,0.7901218750511643,0.3048563638510471,0.18221095920692443,0.11114989732757354,0.07800706887032369,0.3051057991388243,0.8811010866067722,0.29304057830399544,0.14723101181561682,0.5931204379735877,0.5196528433397771,0.6189264569938082,0.7899985412608471
0.3685728637847473,0.5204504843736208,0.37581392466715535,0.26388724218234144,0.6475058946213507,0.7540092118394391,0.19972370151773267,0.1682806014515378,0.839600114956205,0.8315813688717189,0.6015792265657548,0.2142220041336763,0.1943301393328274,0.7273342564238371,0.6613267292411883,0.16241261753828862,0.5849845830152799,0.09909654603906072,0.6545596774255573,0.337006077458327,0.4261348835282911,0.39090927501688777,0.6119852162142374,0.5563422161586924,0.7189104395903871,0.6434257651000719,0.7990460939613965,0.2949659539789058,0.17529085616855933,0.10975165774482112,0.07771965297435879,0.2937824972990606,0.8800039723321856,0.2889655461966995,0.14679980686002922,0.5923850759232189,0.5129655780121438,0.6161671431228183,0.8023322022384065
0.36619486079895636,0.5260230063145674,0.3676815815429345,0.262412798297875,0.6557716237101249,0.7652069756895796,0.18725809669888482,0.1710155255158237,0.8396130233125605,0.8366192892102118,0.6056305284642713,0.20540147987741864,0.18783827447800444,0.7309254946187316,0.6671076732256258,0.1614291156674717,0.5936080615515094,0.09884381540703055,0.6559018578152865,0.33342947784720156,0.42920397188132653,0.3895231016366365,0.6070772480787151,0.5630421706375657,0.7283311790652249,0.6517819528426284,0.8079703128716286,0.2850755441067645,0.16837075313019428,0.1083534181620687,0.07743223707839389,0.28245919545929676,0.8789068580575992,0.2848905140894036,0.1463686019044416,0.59164971387285,0.5062783126845105,0.6134078292518285,0.8146658632159658
0.36381685781316553,0.5315955282555143,0.3595492384187136,0.2609383544134086,0.6640373527988991,0.7764047395397201,0.1747924918800371,0.17375044958010954,0.839625931668916,0.8416572095487047,0.6096818303627878,0.19658095562116085,0.18134640962318144,0.7345167328136262,0.6728886172100634,0.1604456137966548,0.6022315400877387,0.09859108477500036,0.6572440382050158,0.3298528782360761,0.43227306023436207,0.38813692825638524,0.6021692799431928,0.5697421251164388,0.7377519185400626,0.660138140585185,0.8168945317818608,0.2751851342346232,0.16145065009182918,0.10695517857931629,0.07714482118242899,0.27113589361953305,0.8778097437830126,0.2808154819821076,0.145937396948854,0.5909143518224811,0.4995910473568773,0.6106485153808385,0.8269995241935251
0.36143885482737464,0.537168050196461,0.3514168952944927,0.25946391052894224,0.6723030818876733,0.7876025033898606,0.16232688706118925,0.1764853736443954,0.8396388400252714,0.8466951298871976,0.6137331322613042,0.18776043136490317,0.17485454476835843,0.7381079710085207,0.678669561194501,0.1594621119258379,0.6108550186239682,0.0983383541429702,0.658586218594745,0.3262762786249507,0.4353421485873975,0.3867507548761339,0.5972613118076706,0.576442079595312,0.7471726580149003,0.6684943283277416,0.825818750692093,0.2652947243624819,0.15453054705346408,0.10555693899656386,0.07685740528646409,0.25981259177976934,0.876712629508426,0.27674044987481167,0.1455061919932664,0.5901789897721123,0.49290378202924406,0.6078892015098487,0.8393331851710845
0.35906085184158376,0.5427405721374077,0.3432845521702719,0.25798946664447586,0.6805688109764475,0.7988002672400011,0.1498612822423414,0.17922029770868128,0.8396517483816269,0.8517330502256906,0.6177844341598207,0.1789399071086455,0.16836267991353548,0.7416992092034151,0.6844505051789385,0.15847861005502098,0.6194784971601976,0.09808562351094002,0.6599283989844742,0.3226996790138253,0.43841123694043305,0.3853645814958826,0.5923533436721482,0.5831420340741853,0.7565933974897381,0.6768505160702981,0.8347429696023251,0.2554043144903406,0.14761044401509904,0.10415869941381145,0.0765699893904992,0.24848928994000563,0.8756155152338394,0.2726654177675157,0.1450749870376788,0.5894436277217434,0.4862165167016108,0.6051298876388589,0.8516668461486437
0.35668284885579293,0.5483130940783544,0.33515220904605103,0.2565150227600094,0.6888345400652217,0.8099980310901416,0.13739567742349357,0.18195522177296714,0.8396646567379824,0.8567709705641835,0.6218357360583371,0.1701193828523878,0.16187081505871248,0.7452904473983097,0.6902314491633761,0.15749510818420406,0.6281019756964271,0.09783289287890984,0.6612705793742034,0.3191230794026999,0.4414803252934685,0.38397840811563133,0.587445375536626,0.5898419885530584,0.7660141369645758,0.6852067038128546,0.8436671885125573,0.24551390461819933,0.14069034097673394,0.10276045983105903,0.0762825734945343,0.23716598810024192,0.8745184009592528,0.26859038566021975,0.14464378208209117,0.5887082656713746,0.47952925137397756,0.6023705737678691,0.864000507126203
0.354304845870002,0.5538856160193011,0.3270198659218302,0.25504057887554304,0.6971002691539959,0.821195794940282,0.12493007260464573,0.184690145837253,0.8396775650943379,0.8618088909026764,0.6258870379568536,0.16129885859613013,0.15537895020388948,0.7488816855932042,0.6960123931478137,0.15651160631338715,0.6367254542326566,0.09758016224687967,0.6626127597639326,0.31554647979157446,0.444549413646504,0.38259223473538,0.5825374074011036,0.5965419430319316,0.7754348764394134,0.6935628915554112,0.8525914074227895,0.23562349474605804,0.13377023793836884,0.1013622202483066,0.07599515759856941,0.2258426862604782,0.8734212866846662,0.2645153535529238,0.14421257712650357,0.5879729036210057,0.4728419860463443,0.5996112598968792,0.8763341681037623
0.35192684288421117,0.5594581379602478,0.31888752279760935,0.2535661349910766,0.7053659982427701,0.8323935587904225,0.11246446778579788,0.18742506990153887,0.8396904734506934,0.8668468112411695,0.6299383398553701,0.15247833433987246,0.14888708534906653,0.7524729237880987,0.7017933371322512,0.15552810444257023,0.645348932768886,0.0973274316148495,0.6639549401536619,0.311969880180449,0.44761850199953945,0.3812060613551287,0.5776294392655814,0.6032418975108048,0.7848556159142512,0.7019190792979677,0.8615156263330216,0.22573308487391675,0.1268501349000038,0.09996398066555419,0.07570774170260451,0.2145193844207145,0.8723241724100798,0.26044032144562784,0.14378137217091597,0.5872375415706369,0.46615472071871106,0.5968519460258893,0.8886678290813216
0.3495488398984203,0.5650306599011945,0.3107551796733884,0.2520916911066102,0.7136317273315443,0.843591322640563,0.09999886296695004,0.19015999396582473,0.8397033818070488,0.8718847315796624,0.6339896417538866,0.14365781008361478,0.14239522049424352,0.7560641619829932,0.7075742811166887,0.15454460257175334,0.6539724113051155,0.09707470098281933,0.6652971205433911,0.30839328056932364,0.450687590352575,0.3798198879748774,0.572721471130059,0.609941851989678,0.7942763553890889,0.7102752670405242,0.8704398452432538,0.21584267500177545,0.1199300318616387,0.09856574108280176,0.07542032580663961,0.2031960825809508,0.8712270581354932,0.2563652893383319,0.14335016721532837,0.5865021795202681,0.4594674553910778,0.5940926321548995,0.901001490058881
0.3471708369126294,0.5706031818421413,0.30262283654916755,0.25061724722214385,0.7218974564203186,0.8547890864907035,0.08753325814810231,0.19289491803011058,0.8397162901634044,0.8769226519181553,0.638040943652403,0.134837285827357,0.13590335563942052,0.7596554001778877,0.7133552251011264,0.15356110070093643,0.6625958898413449,0.09682197035078915,0.6666393009331203,0.3048166809581982,0.45375667870561043,0.37843371459462616,0.5678135029945368,0.6166418064685513,0.8036970948639266,0.7186314547830809,0.879364064153486,0.20595226512963416,0.1130099288232736,0.09716750150004935,0.07513290991067471,0.19187278074118708,0.8701299438609066,0.25229025723103593,0.14291896225974074,0.5857668174698992,0.45278019006344455,0.5913333182839096,0.9133351510364403
0.34479283392683857,0.5761757037830879,0.2944904934249467,0.24914280333767747,0.7301631855090928,0.865986850340844,0.07506765332925447,0.19562984209439646,0.8397291985197599,0.8819605722566483,0.6420922455509195,0.1260167615710993,0.12941149078459757,0.7632466383727823,0.7191361690855639,0.1525775988301195,0.6712193683775743,0.09656923971875897,0.6679814813228495,0.3012400813470728,0.45682576705864597,0.37704754121437484,0.5629055348590145,0.6233417609474243,0.8131178343387644,0.7269876425256374,0.8882882830637181,0.19606185525749287,0.10608982578490855,0.09576926191729693,0.07484549401470982,0.18054947890142325,0.86903282958632,0.24821522512374,0.14248775730415314,0.5850314554195304,0.4460929247358113,0.5885740044129197,0.9256688120139995
0.3424148309410477,0.5817482257240347,0.28635815030072587,0.24766835945321103,0.738428914597867,0.8771846141909845,0.06260204851040663,0.19836476615868232,0.8397421068761154,0.8869984925951413,0.6461435474494359,0.11719623731484163,0.12291962592977457,0.7668378765676768,0.7249171130700014,0.1515940969593026,0.6798428469138038,0.0963165090867288,0.6693236617125787,0.29766348173594737,0.4598948554116814,0.3756613678341235,0.5579975667234922,0.6300417154262976,0.8225385738136021,0.7353438302681939,0.8972125019739503,0.18617144538535157,0.09916972274654345,0.09437102233454452,0.07455807811874493,0.16922617706165954,0.8679357153117334,0.24414019301644407,0.14205655234856554,0.5842960933691614,0.43940565940817805,0.5858146905419299,0.9380024729915589
0.3400368279552568,0.5873207476649813,0.2782258071765049,0.24619391556874465,0.7466946436866412,0.888382378041125,0.050136443691558785,0.20109969022296817,0.8397550152324709,0.8920364129336342,0.6501948493479524,0.10837571305858396,0.11642776107495156,0.7704291147625713,0.730698057054439,0.15061059508848568,0.6884663254500333,0.09606377845469863,0.670665842102308,0.294086882124822,0.46296394376471695,0.37427519445387225,0.5530895985879699,0.6367416699051708,0.8319593132884398,0.7437000180107505,0.9061367208841825,0.1762810355132104,0.09224961970817835,0.09297278275179209,0.07427066222278003,0.15790287522189583,0.8668386010371469,0.2400651609091481,0.14162534739297794,0.5835607313187926,0.43271839408054474,0.5830553766709401,0.9503361339691182
0.337658824969466,0.5928932696059281,0.27009346405228407,0.24471947168427827,0.7549603727754154,0.8995801418912655,0.03767083887271094,0.20383461428725405,0.8397679235888263,0.8970743332721272,0.6542461512464688,0.09955518880232628,0.10993589622012861,0.7740203529574659,0.7364790010388765,0.14962709321766876,0.6970898039862627,0.09581104782266844,0.6720080224920372,0.29051028251369654,0.4660330321177524,0.37288902107362093,0.5481816304524476,0.643441624384044,0.8413800527632775,0.752056205753307,0.9150609397944147,0.1663906256410691,0.08532951666981331,0.09157454316903968,0.07398324632681513,0.14657957338213212,0.8657414867625604,0.23599012880185216,0.1411941424373903,0.5828253692684238,0.4260311287529115,0.5802960627999503,0.9626697949466775
0.33528082198367504,0.5984657915468747,0.26196112092806323,0.24324502779981183,0.7632261018641896,0.9107779057414059,0.0252052340538631,0.2065695383515399,0.8397808319451818,0.9021122536106201,0.6582974531449853,0.0907346645460686,0.10344403136530561,0.7776115911523602,0.742259945023314,0.14864359134685184,0.7057132825224922,0.09555831719063827,0.6733502028817664,0.2869336829025711,0.4691021204707879,0.37150284769336966,0.5432736623169253,0.6501415788629172,0.8508007922381152,0.7604123934958635,0.9239851587046468,0.1565002157689278,0.07840941363144827,0.09017630358628725,0.07369583043085023,0.1352562715423684,0.8646443724879738,0.23191509669455623,0.1407629374818027,0.5820900072180549,0.41934386342527824,0.5775367489289603,0.9750034559242368
0.3329028189978842,0.6040383134878216,0.2538287778038424,0.24177058391534545,0.7714918309529638,0.9219756695915463,0.01273962923501526,0.2093044624158258,0.8397937403015373,0.907150173949113,0.6623487550435018,0.08191414028981092,0.09695216651048266,0.7812028293472548,0.7480408890077517,0.14766008947603493,0.7143367610587217,0.0953055865586081,0.6746923832714956,0.2833570832914457,0.47217120882382335,0.37011667431311834,0.538365694181403,0.6568415333417904,0.8602215317129529,0.7687685812384201,0.932909377614879,0.14660980589678652,0.07148931059308317,0.08877806400353483,0.07340841453488534,0.1239329697026047,0.8635472582133872,0.22784006458726025,0.1403317325262151,0.5813546451676861,0.412656598097645,0.5747774350579705,0.987337116901796
